id,name,sym,fam,famext,tdl,uniprot,dtoid,novelty_score,importance_score
16937,"Apolipoprotein E",APOE,,,Tbio,P02649,,0.00005049,702.04474217
16142,"Amyloid-beta A4 protein",APP,,,Tchem,P05067,DTO_05003235,0.00008964,688.56238312
16745,"Microtubule-associated protein tau",MAPT,,,Tclin,P10636,,0.00013232,267.07713217
18996,"Presenilin-1",PSEN1,"Enzyme","peptidase",Tchem,P49768,DTO_05005870,0.00024189,264.82031564
13655,"Beta-secretase 1",BACE1,"Enzyme","peptidase",Tchem,P56817,DTO_05006064,0.00042175,141.39393438
18381,"Presenilin-2",PSEN2,"Enzyme","peptidase",Tchem,P49810,DTO_05005872,0.00112188,40.39713531
16204,"14-3-3 protein theta",YWHAQ,,,Tchem,P27348,DTO_05003669,0.00234496,23.776206
10149,"PHD finger protein 1",PHF1,"Epigenetic",,Tbio,O43189,DTO_05001745,0.00430297,13.67990262
19040,"Nicastrin",NCSTN,,,Tbio,Q92542,,0.00453935,12.01016762
10008,"Phosphatidylinositol-binding clathrin assembly protein",PICALM,,,Tbio,Q13492,DTO_05002534,0.00800832,8.0031637
15671,"ATP-binding cassette sub-family A member 7",ABCA7,"Transporter","ATP_binding_cassette_Transporter",Tbio,Q8IZY2,DTO_05000109,0.00808369,6.59638511
15464,"Amyloid-like protein 2",APLP2,,,Tbio,Q06481,DTO_05003190,0.0082936,6.52238341
13674,"Amyloid-like protein 1",APLP1,,,Tbio,P51693,DTO_05003219,0.01063681,5.25302964
12954,"Calcium homeostasis modulator protein 1",CALHM1,"IC","IC",Tbio,Q8IU99,DTO_01100052,0.01742976,2.88908033
12838,"Membrane-spanning 4-domains subfamily A member 6A",MS4A6A,,,Tbio,Q9H2W1,DTO_05002268,0.04742307,1.43347839
7538,"Tau-tubulin kinase 1",TTBK1,"Kinase",,Tbio,Q5TCY1,DTO_03100545,0.04769898,1.09929372
953,"Golgin subfamily A member 6-like protein 2",GOLGA6L2,,,Tdark,Q8N9W4,DTO_05000834,0.05996778,0.8821274
14142,"Collagen alpha-1(XXV) chain",COL25A1,,,Tbio,Q9BXS0,,0.06702504,0.70966395
1923,"Calsyntenin-3",CLSTN3,,,Tbio,Q9BQT9,DTO_05007373,0.10438143,0.50879893
7821,"TM2 domain-containing protein 1",TM2D1,,,Tdark,Q9BX74,,0.1760181,0.49557206
12474,"Leucine-rich repeat transmembrane neuronal protein 3",LRRTM3,,,Tbio,Q86VH5,DTO_05007099,0.18633527,0.33882691
1536,"Protein FAM222A",FAM222A,,,Tdark,Q5U5X8,,0.41466126,0.22318158
17148,"Putative inactive neutral ceramidase B",ASAH2B,"Enzyme","ceramidase",Tdark,P0C7U1,,0.66932428,0.08191247
18875,"Non-structural maintenance of chromosomes element 1 homolog",NSMCE1,,,Tdark,Q8WV22,,0.75370409,0.07619048
18234,"Olfactory receptor 8J1",OR8J1,"oGPCR","oGPCR",Tdark,Q8NGP2,DTO_02100701,1.2888792,0.06428571
18549,"Olfactory receptor 2B2",OR2B2,"oGPCR","oGPCR",Tdark,Q9GZK3,DTO_02100513,2.01933949,0.03571429
17066,"Uncharacterized protein C10orf105",C10orf105,,,Tdark,Q8TEF2,,3.94007914,0.02958769
12598,"Putative membrane-spanning 4-domains subfamily A member 4E",MS4A4E,,,Tdark,Q96PG1,DTO_05002344,6.06659352,0.00985231
4246,"28S ribosomal protein S35, mitochondrial",MRPS35,,,Tdark,P82673,DTO_05002121,6.44240335,0.00490196
19822,"Olfactory receptor 52N5",OR52N5,"oGPCR","oGPCR",Tdark,Q8NH56,DTO_02100433,6.7699115,0.00462963
1713,"Protein FAM177B",FAM177B,,,Tdark,A6PVY3,DTO_05004617,9.85714286,0.00350877
11254,"Keratin-associated protein 10-10",KRTAP10-10,,,Tdark,P60014,,14.59459459,0.00277778
7098,"Uncharacterized protein KIAA0895",KIAA0895,,,Tdark,Q8NCT3,,16.98666667,0.00240385
11636,"Olfactory receptor 56A1",OR56A1,"oGPCR","oGPCR",Tdark,Q8NGH5,DTO_02100438,28,0.0014881
9239,"Transmembrane protein 89",TMEM89,,,Tdark,A2RUT3,,43,0.00136799
327,"Uncharacterized protein C21orf62",C21orf62,,,Tdark,Q9NYP8,,132,0.00026123
8620,"Alpha-synuclein",SNCA,,,Tchem,P37840,DTO_05007155,0.00012042,112.90134973
17341,"Cholinesterase",BCHE,"Enzyme","type-B carboxylesterase/lipase",Tclin,P06276,,0.00031267,75.9970082
16990,"Choline O-acetyltransferase",CHAT,"Enzyme","carnitine/choline_acetyltransferase",Tchem,P28329,DTO_05006250,0.00033026,36.60092632
3000,"Cyclin-dependent-like kinase 5",CDK5,"Kinase","Kinase",Tchem,Q00535,DTO_03100071,0.00071394,34.97045962
5159,"Triggering receptor expressed on myeloid cells 2",TREM2,,,Tbio,Q9NZC2,,0.00228007,23.17691928
7939,"Sortilin-related receptor",SORL1,,,Tbio,Q92673,DTO_05007023,0.00380895,12.47492838
7605,"Mitochondrial import receptor subunit TOM40 homolog",TOMM40,,,Tbio,O96008,DTO_05002622,0.0041507,6.87574953
13675,"Amyloid-beta A4 precursor protein-binding family B member 1",APBB1,,,Tbio,O00213,,0.00630564,6.35001079
15446,"Gamma-secretase subunit APH-1A",APH1A,"Enzyme",,Tbio,Q96BI3,DTO_05003021,0.00794922,6.1385066
10107,"PHD finger protein 6",PHF6,"Epigenetic",,Tbio,Q8IWS0,DTO_05002150,0.00958984,2.9919597
3564,"Glutaminyl-peptide cyclotransferase",QPCT,"Enzyme",,Tchem,Q16769,DTO_05006209,0.01687113,2.31007732
5817,"Fibrous sheath-interacting protein 1",FSIP1,,,Tbio,Q8NA03,,0.02610106,1.40572565
13238,"AP-1 complex subunit gamma-1",AP1G1,,,Tbio,O43747,DTO_05002324,0.03754132,1.32184833
63,"Calsyntenin-1",CLSTN1,,,Tbio,O94985,DTO_05007375,0.04056624,0.920575
16936,"Amyloid-beta A4 precursor protein-binding family B member 2",APBB2,,,Tbio,Q92870,,0.06546724,0.66937825
9547,"Synaptogyrin-3",SYNGR3,,,Tbio,O43761,DTO_05002600,0.10031778,0.49059814
1574,"Exocyst complex component 3-like protein 2",EXOC3L2,,,Tbio,Q2M3D2,DTO_05002379,0.16366061,0.42520811
5280,"Probable U3 small nucleolar RNA-associated protein 11",UTP11,,,Tbio,Q9Y3A2,DTO_05005389,0.20711838,0.19179598
12102,"Membrane-spanning 4-domains subfamily A member 6E",MS4A6E,,,Tdark,Q96DS6,DTO_05002362,0.29944161,0.18577966
10011,"PITH domain-containing protein 1",PITHD1,,,Tdark,Q9GZP4,,0.32046117,0.14606227
15528,"Ankyrin repeat domain-containing protein 30B",ANKRD30B,,,Tdark,Q9BXX2,,0.35891247,0.14285714
12610,"PDZ domain-containing protein MAGIX",MAGIX,,,Tdark,Q9H6Y5,,0.38577176,0.1
5788,"FERM domain-containing protein 8",FRMD8,,,Tdark,Q9BZ67,,0.39375892,0.07572862
1419,"Protein FAM214A",FAM214A,,,Tdark,Q32MH5,,0.60540836,0.07142857
1575,"Exocyst complex component 3-like protein 4",EXOC3L4,,,Tdark,Q17RC7,DTO_05002510,0.65394237,0.06547619
1404,"Protein FAM171A2",FAM171A2,,,Tdark,A8MVW0,,1.18763693,0.03969927
4414,"Protein SREK1IP1",SREK1IP1,,,Tdark,Q8N9Q2,,1.39429464,0.03472222
18759,"Olfactory receptor 8G5",OR8G5,"oGPCR","oGPCR",Tdark,Q8NG78,DTO_02100696,2.81608767,0.02857143
17369,"Armadillo-like helical domain containing protein 1",ARMH1,,,Tdark,Q6PIY5,,3.31143233,0.02380952
7189,"Zinc finger protein 566",ZNF566,"TF","TF",Tdark,Q969W8,DTO_05001397,4.2802844,0.00797448
13171,"Calcium homeostasis modulator protein 5",CALHM5,"IC",,Tdark,Q8N5C1,DTO_01100099,6.63680002,0.00462963
12790,"Outer dense fiber protein 3-like protein 1",ODF3L1,,,Tdark,Q8IXM7,DTO_05000989,9.03484782,0.00277008
2220,"Uncharacterized protein C1orf131",C1orf131,,,Tdark,Q8NDD1,,10.11904762,0.00255754
3049,"Uncharacterized protein C19orf18",C19orf18,,,Tdark,Q8NEA5,,12.51706673,0.00255102
18441,"Olfactory receptor 5F1",OR5F1,"oGPCR","oGPCR",Tdark,O95221,DTO_02100623,13,0.00226244
19708,"Olfactory receptor 11H2",OR11H2,"oGPCR","oGPCR",Tdark,Q8NH07,DTO_02100331,19.65555556,0.00114943
9902,"Proline-rich protein 23B",PRR23B,,,Tdark,Q6ZRT6,,24,0.00106838
16714,"Transmembrane protein 202",TMEM202,,,Tdark,A6NGA9,DTO_05000949,37,0.00079491
18449,"Olfactory receptor 5M9",OR5M9,"oGPCR","oGPCR",Tdark,Q8NGP3,DTO_02100639,132,0.00026123
17926,"Insulin",INS,,,Tbio,P01308,,0.00000499,107.27673835
15887,"Serum albumin",ALB,,,Tchem,P02768,DTO_05002599,0.00000616,107.12375138
13648,"Brain-derived neurotrophic factor",BDNF,,,Tchem,P23560,DTO_05003335,0.00006891,96.67636821
15595,"Acetylcholinesterase",ACHE,"Enzyme","type-B carboxylesterase/lipase",Tclin,P22303,DTO_05006181,0.00026957,74.16839861
15970,"Amine oxidase [flavin-containing] B",MAOB,"Enzyme",,Tclin,P27338,,0.00030366,27.51755963
13837,"Clusterin",CLU,,,Tbio,P10909,,0.00054776,25.22089711
1135,"Disks large homolog 4",DLG4,,,Tchem,P78352,DTO_05002196,0.00057285,20.93555632
5518,"Insulin-degrading enzyme",IDE,"Enzyme","peptidase",Tchem,P14735,DTO_05005980,0.00207793,20.57353033
19006,"Neurogranin",NRGN,,,Tbio,Q92686,,0.00352757,6.69070131
13656,"Beta-secretase 2",BACE2,"Enzyme","peptidase",Tchem,Q9Y5Z0,DTO_05006132,0.00559862,5.82311607
16377,"Ubiquilin-1",UBQLN1,,,Tbio,Q9UMX0,,0.00921991,2.83518338
3033,"Cholesterol 24-hydroxylase",CYP46A1,"Enzyme","cytochrome_P450",Tchem,Q9Y6A2,DTO_05004915,0.01549935,2.29319088
10087,"Phospholipase D3",PLD3,"Enzyme",,Tbio,Q8IV08,,0.01610007,1.90602672
17040,"Amyloid-beta A4 precursor protein-binding family A member 2",APBA2,,,Tbio,Q99767,DTO_05002574,0.01654185,1.89375559
12447,"MAP/microtubule affinity-regulating kinase 4",MARK4,"Kinase",,Tchem,Q96L34,DTO_03100305,0.01908376,1.32290138
15506,"Gamma-secretase subunit APH-1B",APH1B,"Enzyme",,Tbio,Q8WW43,DTO_05002873,0.03620802,1.03761974
1707,"Gamma-secretase-activating protein",GSAP,"Enzyme",,Tchem,A4D1B5,,0.03943336,0.90766224
9674,"Trem-like transcript 2 protein",TREML2,,,Tbio,Q5T2D2,,0.05038302,0.50143548
494,"Dynamin-binding protein",DNMBP,,,Tbio,Q6XZF7,,0.0533946,0.48735172
15522,"Amyloid-beta A4 precursor protein-binding family B member 3",APBB3,,,Tbio,O95704,,0.15864948,0.36626867
13248,"Protein BHLHb9",BHLHB9,,,Tdark,Q6PI77,,0.17255419,0.18517636
16664,"Mitochondrial import receptor subunit TOM40B",TOMM40L,,,Tdark,Q969M1,DTO_05002430,0.24691216,0.16295191
15389,"Disintegrin and metalloproteinase domain-containing protein 30",ADAM30,"Enzyme",,Tdark,Q9UKF2,DTO_05004401,0.25395428,0.13473491
4685,"RING finger protein 219",RNF219,,,Tdark,Q5W0B1,,0.26163921,0.07794501
7493,"AN1-type zinc finger protein 2B",ZFAND2B,,,Tbio,Q8WV99,DTO_05001786,0.28286118,0.07505114
16820,"Protein Aster-B",GRAMD1B,,,Tbio,Q3KR37,,0.2994102,0.07200728
7085,"Jhy protein homolog",JHY,,,Tdark,Q6NUN7,,0.34150761,0.07142857
17679,"BTB/POZ domain-containing protein KCTD2",KCTD2,,,Tdark,Q14681,,0.42992811,0.06120756
1977,"DALR anticodon-binding domain-containing protein 3",DALRD3,,,Tdark,Q5D0E6,DTO_05004481,0.5378666,0.051001
13030,"Calcium homeostasis modulator protein 3",CALHM3,"IC","IC",Tdark,Q86XJ0,DTO_01100054,0.54881206,0.04301058
12727,"IQ domain-containing protein K",IQCK,,,Tdark,Q8N0W5,,0.6057104,0.0393417
9926,"Protocadherin beta-11",PCDHB11,,,Tdark,Q9Y5F2,,0.80480462,0.03537415
14321,"WD repeat-containing protein 88",WDR88,,,Tdark,Q6ZMY6,,1.25543478,0.03333333
15656,"Ankyrin repeat domain-containing protein 20A1",ANKRD20A1,,,Tdark,Q5TYW2,,1.25669657,0.02222222
19545,"Protein KRBA1",KRBA1,,,Tdark,A5PL33,,2.59384945,0.01666667
10882,"phospholipase A2 inhibitor and Ly6/PLAUR domain-containing protein",PINLYP,"Enzyme",,Tdark,A6NC86,DTO_05004066,3.21624712,0.01458271
13464,"Anthrax toxin receptor-like",ANTXRL,,,Tdark,A6NF34,DTO_05002293,3.76351765,0.00757576
11076,"RAB6A-GEF complex partner protein 2",RGP1,,,Tbio,Q92546,,4,0.00714286
8019,"Small integral membrane protein 15",SMIM15,,,Tdark,Q7Z3B0,,5.90792839,0.00413223
18447,"Olfactory receptor 5L1",OR5L1,"oGPCR","oGPCR",Tdark,Q8NGL2,DTO_02100634,5.98294682,0.00296761
15233,"Zinc finger protein 776",ZNF776,"TF","TF",Tdark,Q68DI1,,7.01411509,0.0027027
3089,"Uncharacterized protein C16orf97",C16orf97,,,Tdark,H3BN30,,10.69767442,0.00227526
18582,"Olfactory receptor 5D14",OR5D14,"oGPCR","oGPCR",Tdark,Q8NGL3,DTO_02100620,12.74509804,0.00181818
16402,"Transmembrane protein 191B",TMEM191B,,,Tdark,P0C7N4,,14.07662526,0.00084104
2293,"Uncharacterized protein C3orf84",C3orf84,,,Tdark,H3BNL1,,17,0.00075415
5070,"Tripartite motif-containing protein 49D",TRIM49D1,,,Tdark,C9J1S8,,19.53488372,0.00063776
12654,"Olfactory receptor 6C65",OR6C65,"oGPCR","oGPCR",Tdark,A6NJZ3,DTO_02100457,22.4,0.00054113
18426,"Olfactory receptor 4F4",OR4F4,"oGPCR","oGPCR",Tdark,Q96R69,DTO_02100587,23.15625,0.00050125
18525,"Olfactory receptor 10G8",OR10G8,"oGPCR","oGPCR",Tdark,Q8NGN5,DTO_02100305,29.46610169,0.00050125
18691,"Olfactory receptor 10AG1",OR10AG1,"oGPCR","oGPCR",Tdark,Q8NH19,DTO_02100296,132,0.00026123
5567,"Interleukin-1 beta",IL1B,,,Tclin,P01584,,0.0000308,69.39409176
20277,"Beta-nerve growth factor",NGF,,,Tchem,P01138,DTO_05003518,0.00008139,68.00430451
8645,"Synaptophysin",SYP,,,Tbio,P08247,DTO_05002529,0.00021543,35.78313523
15702,"Allograft inflammatory factor 1",AIF1,,,Tbio,P55008,DTO_05007374,0.00049167,21.50428057
18183,"Islet amyloid polypeptide",IAPP,,,Tbio,P10997,DTO_05003400,0.0005195,20.32049285
15714,"Disintegrin and metalloproteinase domain-containing protein 10",ADAM10,"Enzyme","peptidase",Tchem,O14672,,0.00160129,15.6883058
16443,"TAR DNA-binding protein 43",TARDBP,,,Tchem,Q13148,,0.00165455,8.34565739
12214,"Prolow-density lipoprotein receptor-related protein 1",LRP1,,,Tbio,Q07954,,0.00200788,8.28434733
13651,"Myc box-dependent-interacting protein 1",BIN1,,,Tbio,O00499,,0.00312612,6.27841134
12700,"Metallothionein-3",MT3,,,Tbio,P25713,,0.00321947,6.12870125
2730,"Delta(24)-sterol reductase",DHCR24,"Enzyme",,Tchem,Q15392,DTO_05004945,0.00480473,4.27226753
2790,"Drebrin",DBN1,,,Tbio,Q16643,DTO_05000837,0.00556156,3.29596008
16463,"Beta-synuclein",SNCB,,,Tbio,Q16143,DTO_05007120,0.00743454,2.69033947
15814,"Activity-dependent neuroprotector homeobox protein",ADNP,"TF","TF",Tbio,Q9H2P0,,0.00785336,2.47668551
11292,"Protein KIBRA",WWC1,,,Tbio,Q8IX03,,0.00905646,2.00679044
14444,"Visinin-like protein 1",VSNL1,,,Tbio,P62760,,0.01221371,1.88504065
16199,"5-hydroxytryptamine receptor 6",HTR6,"GPCR","GPCR",Tchem,P50406,DTO_02100011,0.01492331,1.29766902
8695,"Transmembrane protein 106B",TMEM106B,,,Tbio,Q9NUM4,,0.01726494,1.03699487
10459,"High affinity cGMP-specific 3',5'-cyclic phosphodiesterase 9A",PDE9A,"Enzyme","cyclic nucleotide phosphodiesterase",Tchem,O76083,,0.01862532,0.97510287
8224,"Reticulon-3",RTN3,,,Tbio,O95197,,0.02373417,0.9108205
8055,"VPS10 domain-containing receptor SorCS1",SORCS1,,,Tbio,Q8WY21,DTO_05006947,0.03148473,0.89660696
1007,"EEF1AKMT4-ECE2 readthrough transcript protein",EEF1AKMT4-ECE2,,,Tdark,P0DPD8,,0.03234301,0.65108847
12279,"Leucine carboxyl methyltransferase 1",LCMT1,"Enzyme","methyltransferase_superfamily",Tbio,Q9UIC8,,0.03504409,0.61452555
17041,"Amyloid-beta A4 precursor protein-binding family A member 3",APBA3,,,Tbio,O96018,DTO_05002459,0.05059532,0.40717559
4979,"Signal peptide peptidase-like 2C",SPPL2C,"Enzyme",,Tbio,Q8IUH8,DTO_05004331,0.13913824,0.350005
6338,"G-protein coupled receptor-associated sorting protein 2",GPRASP2,,,Tbio,Q96D09,,0.14060209,0.19277436
18302,"Pentatricopeptide repeat-containing protein 1, mitochondrial",PTCD1,,,Tdark,O75127,DTO_05005410,0.17182155,0.17820246
10811,"RNA-binding Raly-like protein",RALYL,,,Tbio,Q86SE5,,0.20992411,0.14483726
3583,"Pentatricopeptide repeat-containing protein 2, mitochondrial",PTCD2,,,Tdark,Q8WV60,,0.23529342,0.09587065
8083,"Transmembrane emp24 domain-containing protein 9",TMED9,,,Tbio,Q9BVK6,DTO_05002419,0.24024246,0.08814153
12046,"Lipase maturation factor 2",LMF2,"Enzyme",,Tdark,Q9BU23,,0.24810125,0.08775963
16586,"Probable E3 ubiquitin-protein ligase TRIML2",TRIML2,"Enzyme",,Tdark,Q8N7C3,,0.38455379,0.05708339
8395,"Putative sodium-coupled neutral amino acid transporter 10",SLC38A10,"Transporter","SLC38A_transporter",Tdark,Q9HBR0,DTO_05000313,0.47522526,0.04831734
1747,"Protein FAM47E",FAM47E,,,Tdark,Q6ZV65,,0.48653067,0.03849433
4243,"Solute carrier family 26 member 10",SLC26A10,"Transporter","SLC26A_transporter",Tdark,Q8NG04,DTO_05000317,0.48807847,0.03604302
14702,"Zinc finger protein 492",ZNF492,"TF","TF",Tdark,Q9P255,,0.58448743,0.03571429
2814,"Uncharacterized protein C17orf67",C17orf67,,,Tdark,Q0P5P2,,0.94600243,0.02857143
1727,"Protein FAM90A1",FAM90A1,,,Tdark,Q86YD7,,0.95155075,0.02380952
5968,"Humanin-like 12",MTRNR2L12,,,Tdark,P0DMP1,,1.05717232,0.02121036
19215,"BTB/POZ domain-containing protein KCTD14",KCTD14,,,Tdark,Q9BQ13,DTO_05002822,1.19182828,0.01763668
8702,"Transmembrane protein 151B",TMEM151B,,,Tdark,Q8IW70,,2.15276454,0.01485133
7107,"E3 SUMO-protein ligase KIAA1586",KIAA1586,,,Tdark,Q9HCI6,,2.30999532,0.01020408
18561,"Olfactory receptor 4D10",OR4D10,"oGPCR","oGPCR",Tdark,Q8NGI6,DTO_02100582,3.91706296,0.00701184
6413,"FERM and PDZ domain-containing protein 3",FRMPD3,,,Tdark,Q5JV73,,4.19248406,0.00392157
7258,"Zinc finger protein 229",ZNF229,"TF","TF",Tdark,Q9UJW7,DTO_05001424,4.51238153,0.0037037
1509,"Protein FAM180B",FAM180B,,,Tdark,Q6P0A1,,6.0833806,0.00244444
13236,"Ankyrin repeat domain-containing protein 39",ANKRD39,,,Tdark,Q53RE8,,8.68843298,0.0021645
17199,"UPF0722 protein C11orf88",C11orf88,,,Tdark,Q6PI97,,8.94681157,0.00119048
18421,"Olfactory receptor 4C15",OR4C15,"oGPCR","oGPCR",Tdark,Q8NGM1,DTO_02100575,12.71580262,0.00114943
16403,"Transmembrane protein 191C",TMEM191C,,,Tdark,A6NGB0,,14.07662526,0.00084104
12032,"Leucine-rich single-pass membrane protein 1",LSMEM1,,,Tdark,Q8N8F7,,15.71612903,0.00066313
16395,"Transmembrane protein 179B",TMEM179B,,,Tdark,Q7Z7N9,,19.38461538,0.00049603
16472,"Testis-specific protein 10-interacting protein",TSGA10IP,,,Tdark,Q3SY00,,20.75428866,0.00026123
19204,"Hippocampus abundant transcript-like protein 2",MFSD14C,,,Tdark,Q5VZR4,,92,0.00020509
13141,"Caspase-3",CASP3,"Enzyme","peptidase",Tchem,P42574,DTO_05005799,0.00003555,66.87687347
15825,"Actin, cytoplasmic 1",ACTB,,,Tbio,P60709,DTO_05000946,0.00006048,42.2933641
17521,"Glial fibrillary acidic protein",GFAP,,,Tbio,P14136,,0.00020932,31.83246577
16006,"Alternative prion protein",PRNP,,,Tbio,F7VJQ1,,0.00033976,19.86945276
20327,"Neurofilament light polypeptide",NEFL,,,Tbio,P07196,,0.00049255,19.69470065
10806,"Advanced glycosylation end product-specific receptor",AGER,,,Tchem,Q15109,DTO_05007006,0.00061101,15.55209803
12703,"Microtubule-associated protein 2",MAP2,,,Tbio,P11137,,0.00068493,11.4524352
17638,"Glycogen synthase kinase-3 beta",GSK3B,"Kinase","Kinase",Tclin,P49841,DTO_03100165,0.00095115,10.82637832
2548,"Cerebellar degeneration-related antigen 1",CDR1,,,Tbio,P51861,,0.00142118,10.65885216
15212,"Vesicular acetylcholine transporter",SLC18A3,"Transporter","SLC18A_transporter",Tchem,Q16572,DTO_05000381,0.00169007,7.27101418
1303,"Dual specificity tyrosine-phosphorylation-regulated kinase 1A",DYRK1A,"Kinase","Kinase",Tchem,Q13627,DTO_03100113,0.00226963,4.75475102
14114,"Dihydropyrimidinase-related protein 2",DPYSL2,"Enzyme",,Tbio,Q16555,DTO_05005997,0.00374969,3.55870592
12095,"Low-density lipoprotein receptor-related protein 8",LRP8,,,Tbio,Q14114,,0.00473606,2.831015
15162,"Polyubiquitin-B",UBB,,,Tbio,P0CG47,DTO_05001884,0.00661254,2.45112785
7439,"Zinc transporter 3",SLC30A3,"Transporter","SLC30A_transporter",Tbio,Q99726,DTO_05000412,0.00683607,2.22046801
5804,"GRB2-associated-binding protein 2",GAB2,,,Tbio,Q9UQC2,DTO_05002272,0.00697372,1.98580188
6978,"Integral membrane protein 2B",ITM2B,,,Tbio,Q9Y287,,0.00977027,1.84354884
15504,"Amyloid-beta A4 precursor protein-binding family A member 1",APBA1,,,Tbio,Q02410,DTO_05002557,0.01126648,1.3316046
1941,"Catenin alpha-3",CTNNA3,,,Tbio,Q9UI47,DTO_05006417,0.01472452,1.11466419
2219,"Complement C1q subcomponent subunit B",C1QB,,,Tbio,P02746,,0.01476497,0.93969263
12809,"Dihydrolipoyllysine-residue succinyltransferase component of 2-oxoglutarate dehydrogenase complex, mitochondrial",DLST,"Enzyme",,Tbio,P36957,DTO_05006262,0.01516932,0.88199358
15592,"ATP-binding cassette sub-family A member 2",ABCA2,"Transporter","ATP_binding_cassette_Transporter",Tbio,Q9BZC7,DTO_05000104,0.02208136,0.80723539
9062,"Transmembrane protein 119",TMEM119,,,Tbio,Q4V9L6,,0.02762151,0.79992018
1202,"Endothelin-converting enzyme 2",ECE2,"Enzyme","peptidase",Tchem,P0DPD6,,0.03234301,0.65108847
836,"G patch domain-containing protein 2",GPATCH2,,,Tdark,Q9NW75,DTO_05001952,0.03284393,0.58323215
15274,"Arf-GAP with dual PH domain-containing protein 1",ADAP1,,,Tbio,O75689,,0.03287486,0.39320373
17470,"Evolutionarily conserved signaling intermediate in Toll pathway, mitochondrial",ECSIT,,,Tbio,Q9BQ95,,0.04690184,0.38477096
12597,"Membrane-spanning 4-domains subfamily A member 4A",MS4A4A,,,Tbio,Q96JQ5,DTO_05002278,0.10410193,0.33560776
7579,"Tetraspanin-13",TSPAN13,,,Tbio,O95857,,0.12118479,0.29297295
629,"GRAM domain-containing protein 4",GRAMD4,,,Tbio,Q6IC98,,0.12785672,0.26141198
13456,"Calcium homeostasis modulator protein 2",CALHM2,"IC","IC",Tdark,Q9HA72,DTO_01100053,0.13583929,0.25824602
16299,"Tripartite motif-containing protein 15",TRIM15,,,Tbio,Q9C019,,0.15545731,0.14310739
9599,"Tetraspanin-15",TSPAN15,,,Tbio,O95858,,0.16947672,0.09877232
17165,"N-acetylserotonin O-methyltransferase-like protein",ASMTL,"Enzyme",,Tbio,O95671,DTO_05004743,0.17725871,0.09179569
16800,"TGFB1-induced anti-apoptotic factor 1",TIAF1,,,Tbio,O95411,,0.23317264,0.08899591
9718,"Tetraspanin-14",TSPAN14,,,Tdark,Q8NG11,,0.31693614,0.05596917
933,"Protein FAM110B",FAM110B,,,Tbio,Q8TC76,,0.35516609,0.05085791
18698,"Olfactory receptor 10J5",OR10J5,"oGPCR","oGPCR",Tdark,Q8NHC4,DTO_02100315,0.42152783,0.04781106
7911,"Small EDRK-rich factor 2",SERF2,,,Tdark,P84101,,0.45845822,0.03746968
5075,"TraB domain-containing protein",TRABD,,,Tdark,Q9H4I3,,0.47132923,0.03571429
13002,"VWFA and cache domain-containing protein 1",CACHD1,,,Tdark,Q5VU97,,0.56021668,0.03561632
1511,"Protein FAM181B",FAM181B,,,Tdark,A6NEQ2,,0.56210614,0.02777778
11029,"Putative protein RFPL3S",RFPL3S,,,Tdark,P0C7P2,,0.60235705,0.025
1129,"EF-hand calcium-binding domain-containing protein 5",EFCAB5,,,Tdark,A4FU69,,0.62310294,0.02408099
20127,"Endogenous retrovirus group K member 10 Np9 protein",ERVK-10,,,Tdark,P61580,,0.73924859,0.02270789
13108,"Coiled-coil domain-containing protein 85A",CCDC85A,,,Tdark,Q96PX6,,0.76752741,0.02121073
2452,"Uncharacterized protein C3orf14",C3orf14,,,Tdark,Q9HBI5,,0.93604903,0.02
7163,"Zinc finger protein 287",ZNF287,"TF","TF",Tdark,Q9HBT7,,1.01445884,0.01826923
13835,"Clarin-3",CLRN3,,,Tdark,Q8NCR9,,1.07546405,0.01619847
1442,"Putative protein N-methyltransferase FAM86B2",FAM86B2,"Enzyme","methyltransferase_superfamily",Tdark,P0C5J1,,1.13678771,0.01333333
12089,"Leucine-rich repeat-containing protein 46",LRRC46,,,Tdark,Q96FV0,,1.159245,0.01035574
14733,"Zinc finger B-box domain-containing protein 1",ZBBX,,,Tdark,A8MT70,,1.66474399,0.01016649
3718,"Protein phosphatase 1 regulatory subunit 37",PPP1R37,"Enzyme","phosphatase",Tdark,O75864,,2.23352303,0.00886574
18720,"Olfactory receptor 1J4",OR1J4,"oGPCR","oGPCR",Tdark,Q8NGS1,DTO_02100494,3.07228916,0.00529101
183,"Uncharacterized protein C7orf61",C7orf61,,,Tdark,Q8IZ16,,3.9028559,0.00495804
17975,"GTP-binding protein 8",GTPBP8,,,Tdark,Q8N3Z3,,4.38933188,0.0030303
8298,"Sterile alpha motif domain-containing protein 15",SAMD15,,,Tdark,Q9P1V8,,4.50506694,0.00246305
1792,"Protein FAM169B",FAM169B,,,Tdark,Q8N8A8,,4.63859648,0.00233611
13349,"Uncharacterized protein C1orf146",C1orf146,,,Tdark,Q5VVC0,,6.67972686,0.00213675
16978,"Uncharacterized protein C12orf56",C12orf56,,,Tdark,Q8IXR9,,7.22222222,0.00192308
1684,"Protein FAM24A",FAM24A,,,Tdark,A6NFZ4,,8.03921569,0.00162602
15077,"Putative zinc finger protein 487",ZNF487,"TF","TF",Tdark,B1APH4,DTO_05001384,8.32065776,0.00151515
18591,"Olfactory receptor 5M1",OR5M1,"oGPCR","oGPCR",Tdark,Q8NGP8,DTO_02100636,9.61646574,0.00091912
169,"UPF0600 protein C5orf51",C5orf51,,,Tdark,A6NDU8,,10.85106383,0.00064103
13829,"Putative ATP synthase subunit g 2, mitochondrial",ATP5MGL,"Enzyme","ATP_synthase_subunit",Tdark,Q7Z4Y8,DTO_05000192,12.71700805,0.00049603
7593,"Tetratricopeptide repeat protein 16",TTC16,,,Tdark,Q8NEE8,,14.55737705,0.00037023
18443,"Olfactory receptor 5H2",OR5H2,"oGPCR","oGPCR",Tdark,Q8NGV7,DTO_02100626,15.80588299,0.00024894
5101,"Speedy protein E3",SPDYE3,,,Tdark,A6NKU9,,43.71428571,0.00008403
7777,"Tumor necrosis factor",TNF,,,Tclin,P01375,DTO_05003512,0.00001457,65.84776604
19406,"Interleukin-6",IL6,,,Tclin,P05231,,0.00001819,65.0641039
15991,"RAC-alpha serine/threonine-protein kinase",AKT1,"Kinase","Kinase",Tchem,P31749,DTO_03100019,0.00003185,55.18488737
6322,"Glyceraldehyde-3-phosphate dehydrogenase",GAPDH,"Enzyme",,Tchem,P04406,DTO_05005098,0.00005849,32.29858262
20037,"Neurogenic locus notch homolog protein 1",NOTCH1,,,Tchem,P46531,,0.00012547,29.23012173
10956,"Neprilysin",MME,"Enzyme","peptidase",Tclin,P08473,DTO_05004397,0.00019144,28.30480234
3945,"Major prion protein",PRNP,,,Tchem,P04156,,0.00033976,19.86945276
10330,"RNA binding protein fox-1 homolog 3",RBFOX3,,,Tbio,A6NFN3,DTO_05002119,0.00038317,19.67847899
13175,"Carbonic anhydrase 4",CA4,"Enzyme","carbonic anhydrase",Tclin,P22748,,0.0004916,18.2072774
17952,"Glutamate receptor 1",GRIA1,"IC","IC",Tclin,P42261,DTO_01100133,0.0005008,9.98390202
16153,"Alpha-1-antichymotrypsin",SERPINA3,,,Tbio,P01011,DTO_05002724,0.00134253,9.52803407
2840,"Cerebellar degeneration-related protein 2",CDR2,,,Tbio,Q01850,,0.00141419,6.22893486
7707,"Synaptosomal-associated protein 25",SNAP25,,,Tclin,P60880,DTO_05002448,0.00148905,4.89547569
15142,"Vesicular glutamate transporter 1",SLC17A7,"Transporter","SLC17A_transporter",Tbio,Q9P2U7,DTO_05000610,0.00165722,4.49354085
15518,"Apolipoprotein D",APOD,,,Tbio,P05090,,0.0031899,3.49417746
16875,"Apolipoprotein C-I",APOC1,,,Tbio,P02654,,0.00338935,3.05363515
5385,"TYRO protein tyrosine kinase-binding protein",TYROBP,"Enzyme",,Tbio,O43914,,0.00410031,2.4060681
6142,"3-hydroxyacyl-CoA dehydrogenase type-2",HSD17B10,"Enzyme","short-chain_dehydrogenase/reductase",Tchem,Q99714,DTO_05006278,0.00486582,2.40080111
4928,"Saitohin",STH,,,Tbio,Q8IWL8,,0.00564817,2.07711151
2925,"CD2-associated protein",CD2AP,,,Tbio,Q9Y5K6,,0.00603034,1.77617022
13308,"Bleomycin hydrolase",BLMH,"Enzyme","peptidase",Tbio,Q13867,DTO_05004265,0.00855614,1.72773999
16246,"Charged multivesicular body protein 2b",CHMP2B,,,Tbio,Q9UQN3,,0.01116381,1.26860898
134,"Calsenilin",KCNIP3,"IC","IC",Tbio,Q9Y2W7,DTO_01100092,0.01371555,1.07116024
286,"Complexin-1",CPLX1,,,Tbio,O14810,,0.01434543,0.81759176
3873,"Tyrosine-protein phosphatase non-receptor type 5",PTPN5,"Enzyme","phosphatase",Tchem,P54829,,0.01499841,0.76093496
20119,"Sodium-dependent lysophosphatidylcholine symporter 1",MFSD2A,,,Tbio,Q8NA29,DTO_05000536,0.01709114,0.7282655
965,"ADP-ribosylation factor-binding protein GGA3",GGA3,,,Tbio,Q9NZ52,,0.01898553,0.65230305
12637,"Membrane metallo-endopeptidase-like 1",MMEL1,"Enzyme","peptidase",Tchem,Q495T6,DTO_05004361,0.02700936,0.60601847
18862,"Neuronal pentraxin-1",NPTX1,,,Tbio,Q15818,,0.02872516,0.53781759
13457,"Calmodulin-like protein 5",CALML5,,,Tbio,Q9NZT1,DTO_05003769,0.03240679,0.5228691
13797,"BTB/POZ domain-containing adapter for CUL3-mediated RhoA degradation protein 2",TNFAIP1,,,Tbio,Q13829,,0.04006419,0.35457594
6667,"Homer protein homolog 3",HOMER3,,,Tbio,Q9NSC5,,0.04408998,0.34597599
18668,"N-fatty-acyl-amino acid synthase/hydrolase PM20D1",PM20D1,"Enzyme","peptidase",Tdark,Q6GTS8,,0.07205788,0.33107599
234,"Cortexin-3",CTXN3,,,Tbio,Q4LDR2,,0.10303512,0.28734542
14247,"Zinc finger CW-type PWWP domain protein 1",ZCWPW1,"Epigenetic",,Tbio,Q9H0M4,,0.11264543,0.24911626
5605,"Inositol hexakisphosphate kinase 3",IP6K3,"Kinase","Kinase",Tbio,Q96PC2,DTO_03100593,0.13072912,0.19624622
5387,"tRNA wybutosine-synthesizing protein 5",TYW5,,,Tbio,A2RUC4,,0.1382439,0.09090909
16933,"Amyloid protein-binding protein 2",APPBP2,,,Tbio,Q92624,,0.14742368,0.08978849
2494,"Cyclin-dependent kinase 5 activator 2",CDK5R2,"Enzyme",,Tbio,Q13319,DTO_05003151,0.16247335,0.08719941
16672,"Transmembrane and coiled-coil domains protein 2",TMCC2,,,Tdark,O75069,,0.21581357,0.08638262
12464,"Low-density lipoprotein receptor-related protein 11",LRP11,,,Tdark,Q86VZ4,,0.22784094,0.07581788
13459,"Calpain-12",CAPN12,,,Tdark,Q6ZSI9,DTO_05005905,0.23581846,0.05325339
1157,"Enoyl-CoA hydratase domain-containing protein 3, mitochondrial",ECHDC3,"Enzyme",,Tdark,Q96DC8,,0.28181422,0.05158339
7096,"Uncharacterized protein KIAA0513",KIAA0513,,,Tdark,O60268,,0.41452062,0.03785221
7523,"Tetraspanin-17",TSPAN17,,,Tdark,Q96FV3,,0.51639684,0.02957494
5875,"Protein FRG2-like-1",FRG2B,,,Tdark,Q96QU4,,0.5552602,0.02941176
17958,"GRAM domain-containing protein 2B",GRAMD2B,,,Tdark,Q96HH9,,0.55744753,0.02239859
4241,"Probable UDP-sugar transporter protein SLC35A4",SLC35A4,"Transporter","SLC35A_transporter",Tdark,Q96G79,DTO_05000430,0.6182609,0.02219388
655,"Exocyst complex component 3-like protein",EXOC3L1,,,Tdark,Q86VI1,DTO_05002681,0.90137669,0.01827071
14753,"Zinc finger protein 626",ZNF626,"TF","TF",Tdark,Q68DY1,,0.97402393,0.01818182
14821,"Zinc finger protein 256",ZNF256,"TF","TF",Tdark,Q9Y2P7,,1.08218411,0.01077908
7458,"Zinc finger protein 599",ZNF599,"TF","TF",Tdark,Q96NL3,DTO_05001474,1.49090633,0.01010101
8269,"Secernin-2",SCRN2,"Enzyme","peptidase",Tdark,Q96FV2,,1.63547022,0.00925926
